store_id,region,cluster,cluster_label,date,last_month_sales,forecast_month,forecast_sales,forecast_lower,forecast_upper,change_pct
Afghanistan,Middle East and North Africa,1,Medium,2017-06-30,5696676.34,2017-07-31,3615597.3701323895,127198.90533980122,7997089.406499037,-36.53145879563189
Albania,Europe,1,Medium,2017-06-30,5386681.66,2017-07-31,4328686.818739887,840288.3539472991,8710178.855106534,-19.640938671325024
Algeria,Middle East and North Africa,1,Medium,2017-06-30,7765213.229999999,2017-07-31,4104704.12826136,616305.6634687716,8486196.164628007,-47.139840121797135
Andorra,Europe,1,Medium,2017-06-30,4342765.84,2017-07-31,3740021.1463639652,251622.68157137698,8121513.182730612,-13.87928144972317
Angola,Sub-Saharan Africa,1,Medium,2017-06-30,1747796.88,2017-07-31,3618771.6931610773,130373.22836848907,8000263.729527725,107.04761145706345
Antigua and Barbuda,Central America and the Caribbean,1,Medium,2017-06-30,5686777.23,2017-07-31,3573546.0273868414,85147.5625942531,7955038.0637534885,-37.16043581705695
Armenia,Europe,1,Medium,2017-06-30,1661539.76,2017-07-31,3972219.556931683,483821.0921390946,8353711.59329833,139.06858280247732
Australia,Australia and Oceania,0,Low,2017-06-30,11293.1,2017-07-31,2457556.0204934427,0.0,6863369.3844221495,21661.57140637595
Austria,Europe,0,Low,2017-06-30,1950998.84,2017-07-31,3765892.721681082,244850.77993022045,8171706.08560979,93.02383191991453
Azerbaijan,Middle East and North Africa,0,Low,2017-06-30,3677251.18,2017-07-31,3180488.749991279,0.0,7586302.113919986,-13.509069837560595
Bahrain,Middle East and North Africa,0,Low,2017-06-30,13906038.97,2017-07-31,3869796.9619617285,348755.0202108668,8275610.325890436,-72.17182426778623
Bangladesh,Asia,1,Medium,2017-06-30,1156403.82,2017-07-31,3924006.746790435,435608.2819978469,8305498.783157082,239.3284144279664
Barbados,Central America and the Caribbean,0,Low,2017-06-30,683671.45,2017-07-31,4310302.613656807,789260.671905945,8716115.977585513,530.4640355622291
Belarus,Europe,1,Medium,2017-06-30,5092126.68,2017-07-31,4009600.0062763183,521201.5414837301,8391092.042642966,-21.258832345539403
Belgium,Europe,1,Medium,2017-06-30,780539.36,2017-07-31,3563561.3357470683,75162.87095448002,7945053.372113716,356.5511386571291
Belize,Central America and the Caribbean,1,Medium,2017-06-30,1751680.7999999998,2017-07-31,3289052.6147329765,0.0,7670544.651099624,87.76552296131675
Benin,Sub-Saharan Africa,1,Medium,2017-06-30,2630631.72,2017-07-31,3826259.601104736,337861.1363121476,8207751.637471383,45.4502191247331
Bhutan,Asia,1,Medium,2017-06-30,11186730.41,2017-07-31,3503762.5208883975,15364.05609580921,7885254.557255045,-68.67929777089893
Bosnia and Herzegovina,Europe,0,Low,2017-06-30,5222659.779999999,2017-07-31,4524636.4795829905,1003594.5378321288,8930449.843511697,-13.365283779159153
Botswana,Sub-Saharan Africa,0,Low,2017-06-30,5300834.21,2017-07-31,4251680.511957588,730638.570206726,8657493.875886295,-19.792237532409306
Brunei,Asia,1,Medium,2017-06-30,3943529.88,2017-07-31,3435356.9792080843,0.0,7816849.015574731,-12.886244462585783
Bulgaria,Europe,2,High,2017-06-30,3784181.31,2017-07-31,4228740.208652872,163088.7475560913,9085898.493334321,11.74782237516181
Burkina Faso,Sub-Saharan Africa,1,Medium,2017-06-30,6338921.68,2017-07-31,4124309.2854877505,635910.8206951623,8505801.321854398,-34.93673697688357
Burundi,Sub-Saharan Africa,2,High,2017-06-30,4951828.69,2017-07-31,4189334.919027977,123683.45793119678,9046493.203709427,-15.398225962700318
Cambodia,Asia,1,Medium,2017-06-30,7789047.55,2017-07-31,4114889.782223973,626491.3174313847,8496381.81859062,-47.17082216009872
Cameroon,Sub-Saharan Africa,1,Medium,2017-06-30,389259.53,2017-07-31,3580384.829702022,91986.36490943376,7961876.866068669,819.7937503808889
Canada,North America,2,High,2017-06-30,3383025.98,2017-07-31,4392944.159499341,327292.6984025603,9250102.44418079,29.852510310882696
Cape Verde,Sub-Saharan Africa,2,High,2017-06-30,4285768.28,2017-07-31,4826911.216277276,761259.7551804958,9684069.500958726,12.626509435952894
Central African Republic,Sub-Saharan Africa,1,Medium,2017-06-30,9278950.06,2017-07-31,3526276.3516632393,37877.88687065104,7907768.388029886,-61.997032758432155
Chad,Sub-Saharan Africa,2,High,2017-06-30,4826614.7,2017-07-31,5110871.375747942,1045219.914651162,9968029.660429392,5.8893591764833
China,Asia,2,High,2017-06-30,2322437.24,2017-07-31,3799597.751276638,0.0,8656756.035958087,63.60389360948404
Comoros,Sub-Saharan Africa,1,Medium,2017-06-30,5594485.09,2017-07-31,3478440.6779902987,0.0,7859932.714356946,-37.82375639524139
Costa Rica,Central America and the Caribbean,2,High,2017-06-30,3561337.8400000003,2017-07-31,4443989.2910243,378337.8299275199,9301147.57570575,24.784266213404216
Cote d'Ivoire,Sub-Saharan Africa,1,Medium,2017-06-30,9719477.24,2017-07-31,4113839.7241063747,625441.2593137864,8495331.760473022,-57.674269690389494
Croatia,Europe,0,Low,2017-06-30,13584236.739999998,2017-07-31,3411847.291670951,0.0,7817660.655599658,-74.88377626970781
Cuba,Central America and the Caribbean,2,High,2017-06-30,2403591.76,2017-07-31,4450004.852199586,384353.39110280573,9307163.136881035,85.13979479608412
Cyprus,Europe,0,Low,2017-06-30,1502606.05,2017-07-31,3918674.979556839,397633.0378059773,8324488.343485546,160.79190747014755
Czech Republic,Europe,1,Medium,2017-06-30,3660433.58,2017-07-31,3373194.2311580624,0.0,7754686.26752471,-7.847140033119726
Democratic Republic of the Congo,Sub-Saharan Africa,2,High,2017-06-30,10296045.7,2017-07-31,4047734.3352252576,0.0,8904892.619906707,-60.68651545296406
Denmark,Europe,1,Medium,2017-06-30,2461377.26,2017-07-31,3844130.625503436,355732.16071084794,8225622.661870083,56.178034467720586
Djibouti,Sub-Saharan Africa,1,Medium,2017-06-30,425317.76,2017-07-31,3708353.896766308,219955.43197371997,8089845.933132956,771.901962609393
Dominica,Central America and the Caribbean,1,Medium,2017-06-30,5007153.69,2017-07-31,3552674.101886988,64275.63709439989,7934166.138253635,-29.048031639568308
Dominican Republic,Central America and the Caribbean,1,Medium,2017-06-30,732521.64,2017-07-31,4167400.864158363,679002.3993657748,8548892.900525011,468.91163845458044
East Timor,Australia and Oceania,2,High,2017-06-30,1816811.68,2017-07-31,4812074.820627128,746423.3595303474,9669233.105308577,164.8637100696715
Egypt,Middle East and North Africa,1,Medium,2017-06-30,1623795.11,2017-07-31,4215723.560079966,727325.0952873775,8597215.596446613,159.62164401886673
El Salvador,Central America and the Caribbean,0,Low,2017-06-30,987192.6,2017-07-31,3793202.5353094838,272160.59355862206,8199015.899238192,284.2413866665415
Equatorial Guinea,Sub-Saharan Africa,1,Medium,2017-06-30,2415742.1,2017-07-31,3826802.819934195,338404.35514160665,8208294.856300842,58.411066311018665
Eritrea,Sub-Saharan Africa,1,Medium,2017-06-30,1965230.13,2017-07-31,3804509.3619928327,316110.8972002445,8186001.398359479,93.59103567137113
Estonia,Europe,0,Low,2017-06-30,32487.06,2017-07-31,3646045.9620489427,125004.02029808098,8051859.32597765,11123.071469221723
Ethiopia,Sub-Saharan Africa,1,Medium,2017-06-30,1473873.5,2017-07-31,4089744.470278429,601346.0054858406,8471236.506645076,177.48273310283608
Federated States of Micronesia,Australia and Oceania,1,Medium,2017-06-30,3182252.6,2017-07-31,3816709.0910736183,328310.62628103,8198201.127440265,19.937339074642235
Fiji,Australia and Oceania,1,Medium,2017-06-30,2178448.25,2017-07-31,4160106.1317020357,671707.6669094474,8541598.168068683,90.96648872434933
Finland,Europe,2,High,2017-06-30,5209001.23,2017-07-31,4231244.116148668,165592.65505188797,9088402.400830118,-18.770529525318082
France,Europe,2,High,2017-06-30,4074266.8,2017-07-31,3998170.791376902,0.0,8855329.07605835,-1.8677227672742935
Gabon,Sub-Saharan Africa,2,High,2017-06-30,5257179.3,2017-07-31,4080161.616395515,14510.15529873455,8937319.901076965,-22.388768129032332
Georgia,Europe,1,Medium,2017-06-30,5131941.26,2017-07-31,3291329.5275546964,0.0,7672821.563921344,-35.86579890911112
Germany,Europe,1,Medium,2017-06-30,1510786.51,2017-07-31,3769512.552984827,281114.08819223894,8151004.589351474,149.50663300434334
Ghana,Sub-Saharan Africa,1,Medium,2017-06-30,2646101.56,2017-07-31,3535796.4458192405,47397.98102665227,7917288.482185887,33.62285481662466
Greece,Europe,0,Low,2017-06-30,11148344.7,2017-07-31,3691464.862604369,170422.92085350724,8097278.226533076,-66.88777606056289
Greenland,North America,0,Low,2017-06-30,272600.25,2017-07-31,4362661.815038422,841619.8732875604,8768475.17896713,1500.3880462466275
Grenada,Central America and the Caribbean,2,High,2017-06-30,9984507.35,2017-07-31,3695243.5778923114,0.0,8552401.862573761,-62.99022627398525
Guatemala,Central America and the Caribbean,1,Medium,2017-06-30,825638.73,2017-07-31,3867880.447232084,379481.9824394956,8249372.483598731,368.47129460994205
Guinea,Sub-Saharan Africa,2,High,2017-06-30,5007099.92,2017-07-31,4573349.311170334,507697.8500735536,9430507.595851783,-8.662711265200118
Guinea-Bissau,Sub-Saharan Africa,1,Medium,2017-06-30,2622244.67,2017-07-31,3681626.240426,193227.77563341195,8063118.276792647,40.39979878864624
Haiti,Central America and the Caribbean,1,Medium,2017-06-30,1360967.96,2017-07-31,4057421.464827029,569023.0000344408,8438913.501193676,198.12762563690546
Honduras,Central America and the Caribbean,1,Medium,2017-06-30,1423739.3,2017-07-31,3409736.6759951143,0.0,7791228.712361761,139.49164541535896
Hungary,Europe,1,Medium,2017-06-30,0.0,2017-07-31,3737209.2083684583,248810.74357587006,8118701.244735105,
Iceland,Europe,1,Medium,2017-06-30,9717645.81,2017-07-31,3893004.10050245,404605.63570986176,8274496.136869097,-59.93881464071955
India,Asia,0,Low,2017-06-30,4889709.33,2017-07-31,3935271.1591897234,414229.2174388617,8341084.523118431,-19.5193232643601
Indonesia,Asia,1,Medium,2017-06-30,7317280.28,2017-07-31,3338061.2721172287,0.0,7719553.308483876,-54.38112052040695
Iran,Middle East and North Africa,0,Low,2017-06-30,450670.72,2017-07-31,4123416.525751965,602374.5840011034,8529229.889680672,814.9510591129518
Iraq,Middle East and North Africa,2,High,2017-06-30,3681916.07,2017-07-31,4229141.069000098,163489.60790331755,9086299.353681548,14.862506059245884
Ireland,Europe,1,Medium,2017-06-30,2735460.85,2017-07-31,3883515.650442257,395117.1856496688,8265007.686808905,41.969337650811454
Israel,Middle East and North Africa,1,Medium,2017-06-30,2487818.74,2017-07-31,3901424.676526757,413026.2117341687,8282916.712893404,56.821098490750835
Italy,Europe,2,High,2017-06-30,2162694.2800000003,2017-07-31,4647301.74468056,581650.2835837798,9504460.02936201,114.88482156990582
Jamaica,Central America and the Caribbean,0,Low,2017-06-30,6550331.84,2017-07-31,4823122.841529159,1302080.8997782972,9228936.205457866,-26.368267145238878
Japan,Asia,1,Medium,2017-06-30,7516124.2,2017-07-31,3545210.1652360437,56811.700443455484,7926702.201602691,-52.83193743344417
Jordan,Middle East and North Africa,0,Low,2017-06-30,60477.06,2017-07-31,4212625.5876457365,691583.6458948748,8618438.951574445,6865.658693801809
Kazakhstan,Asia,0,Low,2017-06-30,1280904.45,2017-07-31,4172994.8997328873,651952.9579820256,8578808.263661595,225.78502633298584
Kenya,Sub-Saharan Africa,1,Medium,2017-06-30,3535705.16,2017-07-31,3784417.383653039,296018.91886045085,8165909.420019686,7.034303269027076
Kiribati,Australia and Oceania,0,Low,2017-06-30,38896.77,2017-07-31,3636704.883602275,115662.94185141334,8042518.247530982,9249.63207382586
Kosovo,Europe,0,Low,2017-06-30,3618690.88,2017-07-31,3934056.879551498,413014.9378006365,8339870.243480206,8.714919566478653
Kuwait,Middle East and North Africa,2,High,2017-06-30,3545952.3,2017-07-31,3906876.9674665458,0.0,8764035.252147995,10.17849753552933
Kyrgyzstan,Asia,2,High,2017-06-30,3265965.65,2017-07-31,4092022.71471038,26371.253613599576,8949180.99939183,25.292888941143033
Laos,Asia,0,Low,2017-06-30,761981.36,2017-07-31,3464538.1419298127,0.0,7870351.50585852,354.674920385167
Latvia,Europe,1,Medium,2017-06-30,1799645.94,2017-07-31,4033140.8803764475,544742.4155838592,8414632.916743094,124.10746418134045
Lebanon,Middle East and North Africa,0,Low,2017-06-30,25470.9,2017-07-31,4130323.7630693265,609281.8213184648,8536137.126998033,16115.853240636674
Lesotho,Sub-Saharan Africa,1,Medium,2017-06-30,5767363.57,2017-07-31,3766541.2364709843,278142.77167839603,8148033.272837631,-34.69214848768439
Liberia,Sub-Saharan Africa,1,Medium,2017-06-30,4627618.5,2017-07-31,4124127.1052839337,635728.6404913454,8505619.14165058,-10.880140502421842
Libya,Middle East and North Africa,2,High,2017-06-30,615902.08,2017-07-31,4013591.3304312387,0.0,8870749.615112688,551.6606228105675
Liechtenstein,Europe,1,Medium,2017-06-30,368806.47,2017-07-31,4088518.1872456837,600119.7224530955,8470010.22361233,1008.5809278903605
Lithuania,Europe,2,High,2017-06-30,11553772.38,2017-07-31,4038018.240165967,0.0,8895176.524847416,-65.05021816808575
Luxembourg,Europe,0,Low,2017-06-30,2041445.98,2017-07-31,3442049.0352888093,0.0,7847862.399217516,68.60838195134653
Macedonia,Europe,2,High,2017-06-30,385683.87,2017-07-31,4195521.868750724,129870.40765394364,9052680.153432174,987.8136720497864
Madagascar,Sub-Saharan Africa,1,Medium,2017-06-30,182104.64,2017-07-31,3395269.746778373,0.0,7776761.78314502,1764.4608653455357
Malawi,Sub-Saharan Africa,0,Low,2017-06-30,5029447.29,2017-07-31,4258754.049700977,737712.1079501156,8664567.413629685,-15.323617007208412
Malaysia,Asia,2,High,2017-06-30,4464314.09,2017-07-31,4612928.789703641,547277.3286068607,9470087.074385092,3.3289481140347243
Maldives,Asia,2,High,2017-06-30,12199449.5,2017-07-31,3217068.3708189274,0.0,8074226.655500377,-73.62939720502202
Mali,Sub-Saharan Africa,1,Medium,2017-06-30,7004837.25,2017-07-31,3666083.948601423,177685.48380883457,8047575.98496807,-47.663538526874085
Malta,Europe,2,High,2017-06-30,1543416.96,2017-07-31,4056227.2975793765,0.0,8913385.582260827,162.80826262135778
Marshall Islands,Australia and Oceania,1,Medium,2017-06-30,7449248.92,2017-07-31,4714141.196934352,1225742.7321417634,9095633.233300999,-36.716556963512616
Mauritania,Sub-Saharan Africa,2,High,2017-06-30,3129988.08,2017-07-31,3601701.605059994,0.0,8458859.889741443,15.070777044620364
Mauritius,Sub-Saharan Africa,2,High,2017-06-30,756469.3400000001,2017-07-31,4101806.945290365,36155.484193584416,8958965.229971815,442.23042870321285
Mexico,North America,1,Medium,2017-06-30,5191677.1,2017-07-31,3694944.6547815297,206546.18998894142,8076436.691148177,-28.82945946731683
Moldova,Europe,2,High,2017-06-30,905888.97,2017-07-31,3821484.8627062216,0.0,8678643.147387672,321.8491436876885
Monaco,Europe,0,Low,2017-06-30,6654179.97,2017-07-31,3617610.2493250854,96568.30757422373,8023423.613253793,-45.63401853218759
Mongolia,Asia,1,Medium,2017-06-30,752651.76,2017-07-31,3773454.5363431307,285056.0715505425,8154946.572709778,401.35464193203114
Montenegro,Europe,0,Low,2017-06-30,2718771.8200000003,2017-07-31,3673318.95693017,152277.01517930813,8079132.320858877,35.10949796920322
Morocco,Middle East and North Africa,1,Medium,2017-06-30,5186236.44,2017-07-31,3678544.382435061,190145.91764247278,8060036.418801708,-29.0710243354223
Mozambique,Sub-Saharan Africa,0,Low,2017-06-30,1882358.4,2017-07-31,3929472.8018943183,408430.8601434566,8335286.165823026,108.75263721798775
Myanmar,Asia,0,Low,2017-06-30,1981422.66,2017-07-31,3516247.8204124244,0.0,7922061.184341132,77.4607655093853
Namibia,Sub-Saharan Africa,2,High,2017-06-30,0.0,2017-07-31,3897762.6925363718,0.0,8754920.977217821,
Nauru,Australia and Oceania,0,Low,2017-06-30,17303449.299999997,2017-07-31,3432017.514479187,0.0,7837830.878407894,-80.1657030631506
Nepal,Asia,1,Medium,2017-06-30,1006541.94,2017-07-31,3587641.8211794468,99243.3563868585,7969133.857546094,256.4324225952718
Netherlands,Europe,1,Medium,2017-06-30,56533.26,2017-07-31,3688970.8712351727,200572.40644258447,8070462.90760182,6425.310713083188
New Zealand,Australia and Oceania,1,Medium,2017-06-30,3024204.41,2017-07-31,3719061.0181481573,230662.55335556902,8100553.054514805,22.976509320947546
Nicaragua,Central America and the Caribbean,1,Medium,2017-06-30,3574230.4,2017-07-31,3770648.5346612814,282250.0698686931,8152140.571027929,5.495396565965116
Niger,Sub-Saharan Africa,1,Medium,2017-06-30,10242943.54,2017-07-31,5094931.353606784,1606532.8888141955,9476423.389973432,-50.25910927156409
Nigeria,Sub-Saharan Africa,0,Low,2017-06-30,2072004.71,2017-07-31,3924859.5337096234,403817.5919587617,8330672.89763833,89.42329207879183
North Korea,Asia,1,Medium,2017-06-30,0.0,2017-07-31,3731052.2084998987,242653.7437073104,8112544.244866546,
Norway,Europe,2,High,2017-06-30,4098325.3,2017-07-31,4252538.612076001,186887.15097922087,9109696.89675745,3.762837275899056
Oman,Middle East and North Africa,1,Medium,2017-06-30,433203.87,2017-07-31,4156896.1961365067,668497.7313439185,8538388.232503153,859.5704203049957
Pakistan,Middle East and North Africa,0,Low,2017-06-30,3813080.1,2017-07-31,3999136.0043427986,478094.0625919369,8404949.368271505,4.879412429411034
Palau,Australia and Oceania,0,Low,2017-06-30,891460.6799999999,2017-07-31,3842831.8707121746,321789.92896131286,8248645.234640881,331.0713817139052
Panama,Central America and the Caribbean,0,Low,2017-06-30,1795131.48,2017-07-31,3518731.29195812,0.0,7924544.655886827,96.01524073089733
Papua New Guinea,Australia and Oceania,1,Medium,2017-06-30,1171973.28,2017-07-31,3811179.3245890248,322780.8597964365,8192671.360955672,225.19336316174585
Philippines,Asia,0,Low,2017-06-30,4506566.23,2017-07-31,3413459.0310643944,0.0,7819272.394993102,-24.25587782686611
Poland,Europe,1,Medium,2017-06-30,0.0,2017-07-31,4092668.3944640188,604269.9296714305,8474160.430830665,
Portugal,Europe,0,Low,2017-06-30,1725777.41,2017-07-31,4129122.070040536,608080.1282896744,8534935.433969244,139.2615667648898
Qatar,Middle East and North Africa,2,High,2017-06-30,4801144.34,2017-07-31,4402228.644847014,336577.1837502336,9259386.929528464,-8.308762805347902
Republic of the Congo,Sub-Saharan Africa,2,High,2017-06-30,0.0,2017-07-31,4297244.668774936,231593.20767815597,9154402.953456387,
Romania,Europe,2,High,2017-06-30,158698.66,2017-07-31,3928440.693014766,0.0,8785598.977696216,2375.408861684633
Russia,Europe,1,Medium,2017-06-30,7043614.87,2017-07-31,3798931.0402796594,310532.5754870712,8180423.076646307,-46.06560536891394
Rwanda,Sub-Saharan Africa,2,High,2017-06-30,401888.31,2017-07-31,4239381.171346076,173729.71024929546,9096539.456027526,954.8655101080387
Saint Kitts and Nevis,Central America and the Caribbean,2,High,2017-06-30,3683413.2,2017-07-31,4408742.094185531,343090.63308875076,9265900.378866982,19.691760190942766
Saint Lucia,Central America and the Caribbean,1,Medium,2017-06-30,3808012.0,2017-07-31,3544020.6265544095,55622.16176182125,7925512.662921056,-6.932524725384015
Saint Vincent and the Grenadines,Central America and the Caribbean,1,Medium,2017-06-30,9058193.79,2017-07-31,4078199.718027528,589801.2532349396,8459691.754394175,-54.97778240812479
Samoa,Australia and Oceania,2,High,2017-06-30,1731967.3,2017-07-31,4709978.247221441,644326.7861246606,9567136.53190289,171.94383215095579
San Marino,Europe,2,High,2017-06-30,533666.04,2017-07-31,4243846.827801175,178195.36670439504,9101005.112482626,695.2251988530458
Sao Tome and Principe,Sub-Saharan Africa,2,High,2017-06-30,4266003.01,2017-07-31,4288841.906618306,223190.44552152604,9146000.191299755,0.5353699133537893
Saudi Arabia,Middle East and North Africa,1,Medium,2017-06-30,3877800.63,2017-07-31,3679304.903428052,190906.43863546383,8060796.939794699,-5.118770806222384
Senegal,Sub-Saharan Africa,1,Medium,2017-06-30,0.0,2017-07-31,4267334.274662561,778935.8098699725,8648826.311029207,
Serbia,Europe,1,Medium,2017-06-30,0.0,2017-07-31,3554378.217446852,65979.75265426375,7935870.2538135,
Seychelles,Sub-Saharan Africa,1,Medium,2017-06-30,1877794.28,2017-07-31,3749083.027926058,260684.56313346978,8130575.064292705,99.65355459097778
Sierra Leone,Sub-Saharan Africa,0,Low,2017-06-30,8234429.960000001,2017-07-31,3541530.7192418603,20488.77749099862,7947344.083170568,-56.99118534682563
Singapore,Asia,2,High,2017-06-30,7071401.44,2017-07-31,3889816.0498391795,0.0,8746974.334520629,-44.99228925349797
Slovakia,Europe,1,Medium,2017-06-30,1346512.2,2017-07-31,3990056.4904959346,501658.02570334636,8371548.526862582,196.32531294524736
Slovenia,Europe,1,Medium,2017-06-30,5898559.21,2017-07-31,3718369.2482743957,229970.78348180745,8099861.284641042,-36.96139826874103
Solomon Islands,Australia and Oceania,0,Low,2017-06-30,1853686.67,2017-07-31,3995598.5346035557,474556.592852694,8401411.898532264,115.54875477437383
Somalia,Middle East and North Africa,0,Low,2017-06-30,533024.64,2017-07-31,2772417.629084544,0.0,7178230.993013252,420.1293563247927
South Africa,Sub-Saharan Africa,2,High,2017-06-30,1563799.49,2017-07-31,3954440.620983585,0.0,8811598.905665034,152.8738912035062
South Korea,Asia,1,Medium,2017-06-30,7158508.24,2017-07-31,3830507.0649744035,342108.6001818152,8211999.10134105,-46.4901493921532
South Sudan,Sub-Saharan Africa,2,High,2017-06-30,211657.16,2017-07-31,4698391.153589138,632739.6924923575,9555549.438270587,2119.812055301667
Spain,Europe,0,Low,2017-06-30,492242.0,2017-07-31,4173482.9007278522,652440.9589769905,8579296.264656559,747.8518494415049
Sri Lanka,Asia,2,High,2017-06-30,5454717.959999999,2017-07-31,4499631.451972457,433979.9908756763,9356789.736653905,-17.509365562642998
Sudan,Sub-Saharan Africa,2,High,2017-06-30,3328625.07,2017-07-31,4191896.628730045,126245.16763326479,9049054.913411494,25.93477909273949
Swaziland,Sub-Saharan Africa,1,Medium,2017-06-30,1591792.5,2017-07-31,3874932.6050140234,386534.1402214351,8256424.6413806705,143.43201799317583
Sweden,Europe,1,Medium,2017-06-30,12577747.21,2017-07-31,3927002.2437336864,438603.77894109813,8308494.2801003335,-68.77817483395195
Switzerland,Europe,1,Medium,2017-06-30,0.0,2017-07-31,4000318.763614907,511920.29882231867,8381810.799981554,
Syria,Middle East and North Africa,1,Medium,2017-06-30,3088253.46,2017-07-31,3919419.4236053354,431020.95881274715,8300911.459971983,26.913787173586968
Taiwan,Asia,1,Medium,2017-06-30,2988699.2,2017-07-31,3792470.440634945,304071.9758423567,8173962.4770015925,26.89368139272579
Tajikistan,Asia,0,Low,2017-06-30,4412173.44,2017-07-31,3228171.2893881127,0.0,7633984.65331682,-26.834895924034385
Tanzania,Sub-Saharan Africa,1,Medium,2017-06-30,7597249.5,2017-07-31,3632037.64924667,143639.18445408158,8013529.685613317,-52.19272910220114
Thailand,Asia,2,High,2017-06-30,4561754.94,2017-07-31,4390264.951078666,324613.489981886,9247423.235760115,-3.759298585235571
The Bahamas,Central America and the Caribbean,2,High,2017-06-30,4421663.08,2017-07-31,4564479.771902964,498828.3108061841,9421638.056584414,3.2299315736866285
The Gambia,Sub-Saharan Africa,1,Medium,2017-06-30,1548865.23,2017-07-31,3296161.0970274317,0.0,7677653.133394079,112.81135590005023
Togo,Sub-Saharan Africa,2,High,2017-06-30,2394074.9,2017-07-31,4968848.890015917,903197.4289191365,9826007.174697366,107.54776260408217
Tonga,Australia and Oceania,2,High,2017-06-30,4916572.45,2017-07-31,4305667.744482539,240016.2833857583,9162826.029163988,-12.425418555918188
Trinidad and Tobago,Central America and the Caribbean,1,Medium,2017-06-30,3395659.06,2017-07-31,3527306.320146443,38907.8553538546,7908798.35651309,3.8769280961452823
Tunisia,Middle East and North Africa,2,High,2017-06-30,1142844.15,2017-07-31,3616914.019879445,0.0,8474072.304560894,216.48357476209205
Turkey,Middle East and North Africa,1,Medium,2017-06-30,0.0,2017-07-31,3701329.8968428476,212931.43205025932,8082821.933209495,
Turkmenistan,Asia,1,Medium,2017-06-30,0.0,2017-07-31,3736437.5228646677,248039.05807207944,8117929.559231315,
Tuvalu,Australia and Oceania,2,High,2017-06-30,4337232.04,2017-07-31,4404876.913949295,339225.4528525146,9262035.198630745,1.5596323490521646
Uganda,Sub-Saharan Africa,1,Medium,2017-06-30,3085996.92,2017-07-31,3790005.313848732,301606.8490561438,8171497.350215379,22.812997293877157
Ukraine,Europe,1,Medium,2017-06-30,5865690.51,2017-07-31,3625120.510897293,136722.04610470496,8006612.547263941,-38.197889835526055
United Arab Emirates,Middle East and North Africa,2,High,2017-06-30,7260017.63,2017-07-31,3470939.3722964623,0.0,8328097.656977912,-52.191033835045076
United Kingdom,Europe,1,Medium,2017-06-30,4882748.93,2017-07-31,3609274.539400553,120876.0746079646,7990766.5757672,-26.08109507280045
United States of America,North America,2,High,2017-06-30,5276566.7700000005,2017-07-31,4233980.3707372835,168328.90964050312,9091138.655418733,-19.75880235592502
Uzbekistan,Asia,2,High,2017-06-30,29833.44,2017-07-31,4245550.721291875,179899.26019509416,9102709.005973324,14130.845391251813
Vanuatu,Australia and Oceania,1,Medium,2017-06-30,6180951.33,2017-07-31,3640649.6361501194,152251.1713575311,8022141.672516767,-41.09887876838986
Vatican City,Europe,1,Medium,2017-06-30,549593.16,2017-07-31,3852682.80670736,364284.3419147716,8234174.843074007,601.0063237881926
Vietnam,Asia,2,High,2017-06-30,12207321.37,2017-07-31,3554399.27326006,0.0,8411557.55794151,-70.88305316516738
Yemen,Middle East and North Africa,1,Medium,2017-06-30,9266849.94,2017-07-31,3551275.6033935025,62877.13860091427,7932767.63976015,-61.67763990582649
Zambia,Sub-Saharan Africa,1,Medium,2017-06-30,1924915.36,2017-07-31,3745392.2657150035,256993.80092241522,8126884.30208165,94.57438719357528
Zimbabwe,Sub-Saharan Africa,0,Low,2017-06-30,4862800.02,2017-07-31,3377805.930487495,0.0,7783619.294416202,-30.53783999763381
