store_id,region,avg_sales,volatility,max_sales,cluster,cluster_label
Afghanistan,Middle East and North Africa,4046001.887831325,3100945.9804209988,11211403.32,1,Medium
Albania,Europe,4110143.838214286,3173502.1557462644,11424390.24,1,Medium
Algeria,Middle East and North Africa,3190854.8020238094,2673187.7043754733,10972024.37,1,Medium
Andorra,Europe,4053479.6492857146,3405941.582164483,13383064.54,1,Medium
Angola,Sub-Saharan Africa,4012876.671904762,3035662.9065536107,13518736.62,1,Medium
Antigua and Barbuda,Central America and the Caribbean,4034851.621445783,3198430.9363671592,12007728.86,1,Medium
Armenia,Europe,3429644.362261905,3170728.1746160504,13606560.17,1,Medium
Australia,Australia and Oceania,4078562.04,3346113.3406567164,21610644.74,0,Low
Austria,Europe,3813040.7120238096,3188979.0219945223,16467187.530000001,0,Low
Azerbaijan,Middle East and North Africa,4019780.1357142855,3478433.200537955,17334553.55,0,Low
Bahrain,Middle East and North Africa,3808245.733214285,3544136.237433568,18068872.0,0,Low
Bangladesh,Asia,3953902.3602380953,3149769.835837163,13191876.62,1,Medium
Barbados,Central America and the Caribbean,3653965.8825,3304350.4122159556,19639162.15,0,Low
Belarus,Europe,3085060.82,2906535.677732535,11895092.469999999,1,Medium
Belgium,Europe,4092953.6532142856,3281076.331839057,13373808.07,1,Medium
Belize,Central America and the Caribbean,3825719.3696428575,3023040.809623236,11965896.73,1,Medium
Benin,Sub-Saharan Africa,4007382.494047619,3060167.457401144,15054751.81,1,Medium
Bhutan,Asia,3651444.0844047614,3019061.9062857023,13695536.88,1,Medium
Bosnia and Herzegovina,Europe,3558255.3669047616,3217775.602161175,17494686.54,0,Low
Botswana,Sub-Saharan Africa,3715513.1473809523,3089141.3173594573,17135920.0,0,Low
Brunei,Asia,3894806.165714286,3272851.554401118,14134229.93,1,Medium
Bulgaria,Europe,4485463.0975,4349668.388846511,21907036.5,2,High
Burkina Faso,Sub-Saharan Africa,3709020.223214286,3020400.2058390896,12721909.14,1,Medium
Burundi,Sub-Saharan Africa,4290166.283690476,4048948.3808263117,16110371.280000001,2,High
Cambodia,Asia,3836756.431084337,3323290.720425927,13997204.52,1,Medium
Cameroon,Sub-Saharan Africa,3986411.361309524,3225982.282446772,12404760.67,1,Medium
Canada,North America,4188250.525357143,3667254.369321515,14296227.92,2,High
Cape Verde,Sub-Saharan Africa,4613587.23047619,3806449.513852407,17378578.53,2,High
Central African Republic,Sub-Saharan Africa,4032235.7239285717,3238394.410918662,12323850.95,1,Medium
Chad,Sub-Saharan Africa,4024401.587857143,3493451.9230706817,14733552.879999999,2,High
China,Asia,5132480.078333333,4162032.4712117068,18599725.85,2,High
Comoros,Sub-Saharan Africa,3139635.8302380955,2907842.648589705,14056559.25,1,Medium
Costa Rica,Central America and the Caribbean,4056192.3709523813,3552321.2074311757,15552193.010000002,2,High
Cote d'Ivoire,Sub-Saharan Africa,3412802.492976191,2641044.663808175,10278226.77,1,Medium
Croatia,Europe,3864955.8098795176,3571538.3084665295,15173779.459999999,0,Low
Cuba,Central America and the Caribbean,4228843.623690476,3458312.349301148,14956925.73,2,High
Cyprus,Europe,3558615.657738095,3354719.9020965933,16581486.180000002,0,Low
Czech Republic,Europe,3754565.606309524,3231778.091340973,11708757.48,1,Medium
Democratic Republic of the Congo,Sub-Saharan Africa,4754457.271309524,3876056.267840268,15767690.03,2,High
Denmark,Europe,3954753.7584523805,3384270.684033798,15085139.01,1,Medium
Djibouti,Sub-Saharan Africa,4305964.315119048,3163238.9607794294,14402670.91,1,Medium
Dominica,Central America and the Caribbean,3917410.9882142856,3062159.42782581,13945255.74,1,Medium
Dominican Republic,Central America and the Caribbean,3998371.0458333334,3340893.14441223,13278977.73,1,Medium
East Timor,Australia and Oceania,4210645.545357143,3768883.157667414,15433012.01,2,High
Egypt,Middle East and North Africa,4008148.1575,3181499.9713578783,15008550.049999999,1,Medium
El Salvador,Central America and the Caribbean,3506240.4327380955,3113798.3523265626,17018886.43,0,Low
Equatorial Guinea,Sub-Saharan Africa,3677936.230238095,2791226.2206424433,12197215.129999999,1,Medium
Eritrea,Sub-Saharan Africa,3845549.6404761905,3022827.9163368936,11460173.73,1,Medium
Estonia,Europe,3769285.8375000004,3263119.9829366636,17396388.75,0,Low
Ethiopia,Sub-Saharan Africa,3841493.92797619,3466756.0888879774,14877569.21,1,Medium
Federated States of Micronesia,Australia and Oceania,3507405.070238095,2826858.2596631693,11862556.0,1,Medium
Fiji,Australia and Oceania,3308151.097738095,2588895.720188996,9541747.96,1,Medium
Finland,Europe,4300334.883214286,4154956.093412096,19875840.19,2,High
France,Europe,4244224.528690477,3568595.04541157,17382863.560000002,2,High
Gabon,Sub-Saharan Africa,4850064.325,3898583.3883067593,15052133.25,2,High
Georgia,Europe,3403030.170595238,3023293.8097281456,14021529.36,1,Medium
Germany,Europe,3533987.329642857,3079674.071547375,12915938.86,1,Medium
Ghana,Sub-Saharan Africa,3996516.506904762,3253206.124344306,12632422.75,1,Medium
Greece,Europe,3565646.398809524,3374926.714690604,20535202.38,0,Low
Greenland,North America,3887281.5979761905,3716538.3658502907,19378224.44,0,Low
Grenada,Central America and the Caribbean,4416234.332261905,4050235.0886994153,18975270.689999998,2,High
Guatemala,Central America and the Caribbean,4077292.1046428573,3276725.3259286745,15325068.09,1,Medium
Guinea,Sub-Saharan Africa,4723735.489880952,3568100.8993611895,15839112.459999999,2,High
Guinea-Bissau,Sub-Saharan Africa,3596666.8229761906,3100652.018859003,14607372.67,1,Medium
Haiti,Central America and the Caribbean,3395723.231071429,3171774.667899935,14114100.86,1,Medium
Honduras,Central America and the Caribbean,4186614.3180952384,3265284.5729993833,13795627.97,1,Medium
Hungary,Europe,3782927.7485714285,3066661.853220447,15456416.83,1,Medium
Iceland,Europe,3735059.693214286,3096801.143823408,15407235.120000001,1,Medium
India,Asia,3570256.081585366,3656538.6578206895,17719774.65,0,Low
Indonesia,Asia,3643361.6572619043,2816828.182095577,10969879.94,1,Medium
Iran,Middle East and North Africa,3180714.689166667,3298864.006220313,19292766.14,0,Low
Iraq,Middle East and North Africa,4638652.8785542175,3706286.2140957043,17800308.8,2,High
Ireland,Europe,3979895.782857143,3145219.5754759004,14455979.11,1,Medium
Israel,Middle East and North Africa,3566447.3460714286,3301105.913656277,13718809.17,1,Medium
Italy,Europe,3961802.046666667,3623711.9733019215,14776098.72,2,High
Jamaica,Central America and the Caribbean,3584918.6664285716,3586990.9271561233,22114942.14,0,Low
Japan,Asia,3200742.0361904763,2741507.1497462066,16152526.559999999,1,Medium
Jordan,Middle East and North Africa,3716923.0463095238,3642163.0627878187,23260800.93,0,Low
Kazakhstan,Asia,3760273.2375,3409545.7947087,16101360.43,0,Low
Kenya,Sub-Saharan Africa,3988275.0648809522,3075475.2401287053,14818965.06,1,Medium
Kiribati,Australia and Oceania,3904642.2615476185,3284244.4186186027,18220791.04,0,Low
Kosovo,Europe,3531267.1330952384,3507159.8545627203,15185458.13,0,Low
Kuwait,Middle East and North Africa,4298344.883214286,3788947.0565724634,16522818.73,2,High
Kyrgyzstan,Asia,4507385.260238095,3943911.9742768477,16540479.4,2,High
Laos,Asia,4090509.703095238,3343455.358827822,16539966.78,0,Low
Latvia,Europe,3766965.259285714,3134009.2722634375,15267800.38,1,Medium
Lebanon,Middle East and North Africa,3885079.8955952385,3420358.9185474454,19347703.74,0,Low
Lesotho,Sub-Saharan Africa,3558293.727738095,2928311.6329039875,11575980.1,1,Medium
Liberia,Sub-Saharan Africa,3906502.7507142858,3292383.277703348,14057312.540000001,1,Medium
Libya,Middle East and North Africa,4343896.399761905,3315069.086100067,16254702.73,2,High
Liechtenstein,Europe,3716884.483452381,3250692.3754255683,15084103.200000001,1,Medium
Lithuania,Europe,4157646.7529761903,3654142.104227156,18619550.11,2,High
Luxembourg,Europe,4079693.6069047623,3804229.04890596,23193595.96,0,Low
Macedonia,Europe,4480837.4005952375,3524021.970133693,13012656.21,2,High
Madagascar,Sub-Saharan Africa,3348022.5321686747,2620809.2641413547,11957776.76,1,Medium
Malawi,Sub-Saharan Africa,3387209.5313095236,3595127.021066722,16758443.25,0,Low
Malaysia,Asia,4248787.106785715,3589930.205836887,14073284.940000001,2,High
Maldives,Asia,4802591.565357143,3842114.8202339434,19064532.189999998,2,High
Mali,Sub-Saharan Africa,3646204.0545238093,3051133.374281352,13340667.370000001,1,Medium
Malta,Europe,4172217.65797619,4076199.591628016,18623893.55,2,High
Marshall Islands,Australia and Oceania,3672229.2041666666,2988409.793542472,12172528.86,1,Medium
Mauritania,Sub-Saharan Africa,4010482.035952381,3646695.9704964454,14951171.44,2,High
Mauritius,Sub-Saharan Africa,4230856.088333334,3390518.909519277,16531820.54,2,High
Mexico,North America,4220162.139404762,3352637.217001507,12525594.49,1,Medium
Moldova,Europe,4090318.5777380955,3508716.2848793864,15163984.3,2,High
Monaco,Europe,3672895.844404762,3878257.520322194,18516840.59,0,Low
Mongolia,Asia,3829001.428452381,3051079.2170880097,13226289.19,1,Medium
Montenegro,Europe,3464445.7715476193,3253498.216942947,18255360.84,0,Low
Morocco,Middle East and North Africa,3692156.1363095236,3101179.990131629,14689641.39,1,Medium
Mozambique,Sub-Saharan Africa,4177253.3435714287,3659875.3275497,20476131.57,0,Low
Myanmar,Asia,3928557.286904762,3381782.0308170984,17052975.05,0,Low
Namibia,Sub-Saharan Africa,4185497.8899999997,3624882.6620115545,16475627.919999998,2,High
Nauru,Australia and Oceania,4039956.709523809,3385931.397214925,17270093.02,0,Low
Nepal,Asia,3870590.220714286,3405034.37824541,15325176.38,1,Medium
Netherlands,Europe,4047662.2861904763,3322806.446632655,14888411.370000001,1,Medium
New Zealand,Australia and Oceania,3869164.635238095,3324963.7894782126,13448732.05,1,Medium
Nicaragua,Central America and the Caribbean,3968601.134285714,3208756.2275755526,12803841.36,1,Medium
Niger,Sub-Saharan Africa,3342697.1729761907,2833252.9707690547,10986851.6,1,Medium
Nigeria,Sub-Saharan Africa,3788760.579047619,3465299.687706616,15379962.69,0,Low
North Korea,Asia,3972442.575238095,3152796.384916793,13796533.96,1,Medium
Norway,Europe,4605360.467738096,3299942.963933244,12392586.120000001,2,High
Oman,Middle East and North Africa,3937693.989642857,3406874.849950663,12600427.54,1,Medium
Pakistan,Middle East and North Africa,3657610.687976191,3883896.041783853,17959850.48,0,Low
Palau,Australia and Oceania,3749279.6401190474,3778641.0278538265,19711707.92,0,Low
Panama,Central America and the Caribbean,3874195.8299999996,3124082.07889239,17354294.549999997,0,Low
Papua New Guinea,Australia and Oceania,3910984.8436904764,3376451.43996791,14444223.75,1,Medium
Philippines,Asia,3858554.792261905,3527968.6589897214,15993552.440000001,0,Low
Poland,Europe,3630132.174285714,3052731.774216254,11905467.11,1,Medium
Portugal,Europe,3616801.4166666665,3420913.2913324754,18665848.66,0,Low
Qatar,Middle East and North Africa,4583773.043690477,3691848.0198131674,16607950.23,2,High
Republic of the Congo,Sub-Saharan Africa,4162645.855238095,3461055.1074029854,14794285.0,2,High
Romania,Europe,4127443.291445783,3517251.1757636806,14449896.76,2,High
Russia,Europe,3581501.336746988,3440537.239940948,14795953.37,1,Medium
Rwanda,Sub-Saharan Africa,4512635.67797619,3694710.414200057,17902931.37,2,High
Saint Kitts and Nevis,Central America and the Caribbean,4051919.1295238095,3436208.046599949,14921678.09,2,High
Saint Lucia,Central America and the Caribbean,4057099.289880953,3396156.49697927,13240466.469999999,1,Medium
Saint Vincent and the Grenadines,Central America and the Caribbean,3248936.828452381,2837274.794616446,16433684.06,1,Medium
Samoa,Australia and Oceania,4866540.797619048,3821517.9970358266,17347274.83,2,High
San Marino,Europe,4093422.3196428576,3550470.404307409,12664141.120000001,2,High
Sao Tome and Principe,Sub-Saharan Africa,4456352.550238095,3765666.847449165,18408279.97,2,High
Saudi Arabia,Middle East and North Africa,4077383.575714286,3332202.455663551,13508996.290000001,1,Medium
Senegal,Sub-Saharan Africa,3553302.4889285713,2727811.006724304,11410759.05,1,Medium
Serbia,Europe,4308445.959047619,3186718.680690097,12155692.280000001,1,Medium
Seychelles,Sub-Saharan Africa,4117896.293095238,3375730.0611544335,13261796.83,1,Medium
Sierra Leone,Sub-Saharan Africa,3870408.3510714285,3673391.3966123457,15948743.04,0,Low
Singapore,Asia,4565074.643333334,3676783.2319977786,13388006.66,2,High
Slovakia,Europe,3921466.6564285713,3526708.0346398586,13278497.26,1,Medium
Slovenia,Europe,3825326.2924096384,3271407.626045895,12866123.47,1,Medium
Solomon Islands,Australia and Oceania,3952948.112142857,3752153.173643466,16720645.68,0,Low
Somalia,Middle East and North Africa,3999690.3834523805,3773279.745313138,18397388.33,0,Low
South Africa,Sub-Saharan Africa,4272235.679047619,3256246.291985153,17638887.25,2,High
South Korea,Asia,4171129.204285715,3165905.1175668905,14958779.51,1,Medium
South Sudan,Sub-Saharan Africa,4438318.602380953,3404013.631074149,15519970.41,2,High
Spain,Europe,3930959.5634523807,3699213.0698296963,22908611.07,0,Low
Sri Lanka,Asia,4034604.046428572,3700631.047655064,16266926.82,2,High
Sudan,Sub-Saharan Africa,4332398.295238095,3514116.7881137095,13915811.149999999,2,High
Swaziland,Sub-Saharan Africa,3573212.3898809524,2778110.323622615,11213169.98,1,Medium
Sweden,Europe,3949725.836071429,3338136.817048172,14429886.430000002,1,Medium
Switzerland,Europe,3804070.107857143,3385392.274626847,14628380.3,1,Medium
Syria,Middle East and North Africa,3600875.2052380955,3176113.497877521,15454542.83,1,Medium
Taiwan,Asia,3580119.8625,3321880.11433827,13598703.92,1,Medium
Tajikistan,Asia,3918039.7514285715,3331910.1983426753,18189303.94,0,Low
Tanzania,Sub-Saharan Africa,3884393.94,2902154.658186192,12196276.030000001,1,Medium
Thailand,Asia,4440863.8386904765,3865983.1495841066,15142889.739999998,2,High
The Bahamas,Central America and the Caribbean,4300477.500595238,3851623.4303798806,15629931.98,2,High
The Gambia,Sub-Saharan Africa,4114262.929761905,3054517.467132948,11990006.32,1,Medium
Togo,Sub-Saharan Africa,3998742.07547619,3586000.0164778475,14091681.76,2,High
Tonga,Australia and Oceania,4305073.021071428,3356902.7189921974,13013762.14,2,High
Trinidad and Tobago,Central America and the Caribbean,4101030.840240964,3131506.4953677487,13059451.969999999,1,Medium
Tunisia,Middle East and North Africa,4545819.25626506,3858004.905138833,17030641.7,2,High
Turkey,Middle East and North Africa,3832631.5476190476,2868680.8631881806,14484358.74,1,Medium
Turkmenistan,Asia,3741179.835,3193768.1993730697,12100821.18,1,Medium
Tuvalu,Australia and Oceania,4012404.210119047,3837315.5853664037,17129464.87,2,High
Uganda,Sub-Saharan Africa,3862067.680238095,3081762.154797414,13243782.34,1,Medium
Ukraine,Europe,3721151.4098809524,2990661.3330747355,15682075.69,1,Medium
United Arab Emirates,Middle East and North Africa,4438102.185714286,3520509.438092415,15237167.56,2,High
United Kingdom,Europe,3736941.9289285718,3152783.7202185104,14462988.78,1,Medium
United States of America,North America,4083889.1948809526,3756167.947991229,16601442.71,2,High
Uzbekistan,Asia,4369785.421666667,3764954.822182002,14514324.11,2,High
Vanuatu,Australia and Oceania,3747773.6521428567,2845118.5396028864,13925544.83,1,Medium
Vatican City,Europe,3908884.425357143,3396906.4457879695,11719729.89,1,Medium
Vietnam,Asia,4159843.046071429,3590089.6252051014,15269805.1,2,High
Yemen,Middle East and North Africa,3493182.8051190474,2910568.3524280516,13057013.86,1,Medium
Zambia,Sub-Saharan Africa,3764458.2127380953,3030506.352107334,13354001.25,1,Medium
Zimbabwe,Sub-Saharan Africa,3825986.772023809,3547058.8715126696,18455131.06,0,Low
